{
    "src_c/simd_collisions_avx2.c": 1663828605.4427881,
    "src_c/collisions.c": 1664133376.5436375,
    "src_c/line.c": 1664279868.835944,
    "src_c/polygon.c": 1664279909.8559449,
    "src_c/simd_collisions.h": 1663828605.4427881,
    "src_c/geometry.c": 1664279967.8859458,
    "src_c/circle.c": 1664133565.4169672,
    "src_c/include/base.h": 1664170001.5606377,
    "src_c/include/geometry.h": 1664169704.1006477,
    "src_c/include/collisions.h": 1663828605.4427881,
    "src_c/include/pygame.h": 1664137280.8835626
}