{
    "src_c/polygon.c": 1668182585.1046085,
    "src_c/collisions.c": 1668181947.4751382,
    "src_c/circle.c": 1668181947.4751382,
    "src_c/geometry.c": 1668182503.8280408,
    "src_c/simd_collisions.h": 1668181947.4751382,
    "src_c/simd_collisions_avx2.c": 1668181947.4751382,
    "src_c/line.c": 1668181947.4751382,
    "src_c/include/base.h": 1668181131.6092985,
    "src_c/include/pygame.h": 1668181131.6092985,
    "src_c/include/collisions.h": 1668181947.4751382,
    "src_c/include/geometry.h": 1668181131.6092985
}